Category,Amenity
Sports & Recreation,Swimming Pool
Sports & Recreation,Gymnasium/Health Club
Sports & Recreation,Tennis Court
Sports & Recreation,Badminton Court
Sports & Recreation,Jogging/Cycle Track
Sports & Recreation,Kids Play Area
Sports & Recreation,Basketball Court
Sports & Recreation,Skating Rink
Community Facilities,Club House
Community Facilities,Amphitheatre
Community Facilities,Community Halls
Community Facilities,Party Lawn
Community Facilities,Senior Citizen Area
Security & Safety,24x7 Security
Security & Safety,CCTV Surveillance
Security & Safety,Fire Fighting Systems
Security & Safety,Intercom Facility
Essential Services,Power Backup
Essential Services,High Speed Elevators
Essential Services,Medical Facility
Essential Services,24x7 Water Supply
Essential Services,Treated Water Supply
Eco-Friendly Features,Rainwater Harvesting
Eco-Friendly Features,Sewage Treatment Plant
Eco-Friendly Features,Large Green Areas
Educational,Preschool/Day Care
Educational,Makoons Preschool
Commercial,Shopping Complex
Commercial,Eco Bazaar
